"gall_ID","gall_size","gall_locality","n_cynip"
"10",20,"UCD Campus - Davis",0
"100",40,"604 E 8th St - Davis",0
"1000",5,"Putah Creek, N. Fork - Davis",0
"1002",25,"Putah Creek, N. Fork - Davis",0
"1005",10,"Putah Creek, N. Fork - Davis",0
"1006",15,"Putah Creek, N. Fork - Davis",0
"1007",25,"Putah Creek, N. Fork - Davis",0
"1011",20,"Putah Creek, N. Fork - Davis",0
"1012",15,"Putah Creek, N. Fork - Davis",0
"1013",60,"Putah Creek, N. Fork - Davis",0
"1017",20,"Putah Creek, N. Fork - Davis",0
"1018",25,"Putah Creek, N. Fork - Davis",0
"101b",30,"604 E 8th St - Davis",0
"1021",15,"Putah Creek, N. Fork - Davis",0
"1022",15,"Putah Creek, N. Fork - Davis",0
"1024",5,"Putah Creek, N. Fork - Davis",0
"1026",5,"Putah Creek, N. Fork - Davis",0
"1028",30,"Putah Creek, N. Fork - Davis",0
"1029",15,"Putah Creek, N. Fork - Davis",0
"103",25,"604 E 8th St - Davis",0
"1030",15,"Putah Creek, N. Fork - Davis",0
"1032",15,"Putah Creek, N. Fork - Davis",0
"1034",30,"Putah Creek, N. Fork - Davis",0
"1036",15,"Putah Creek, N. Fork - Davis",0
"104",60,"UCD Arboretum - Davis",0
"1042",10,"Putah Creek, N. Fork - Davis",0
"1043",10,"Putah Creek, N. Fork - Davis",0
"1044",25,"Putah Creek, N. Fork - Davis",0
"1045",65,"Putah Creek, N. Fork - Davis",0
"1046",10,"Putah Creek, N. Fork - Davis",0
"1048",20,"Putah Creek, N. Fork - Davis",0
"1049",10,"Putah Creek, N. Fork - Davis",0
"105",30,"UCD Arboretum - Davis",0
"1052",20,"Putah Creek, N. Fork - Davis",0
"1055",20,"Putah Creek, N. Fork - Davis",0
"1057",45,"Putah Creek, N. Fork - Davis",0
"1059",20,"Putah Creek, N. Fork - Davis",0
"106",40,"UCD Arboretum - Davis",0
"1060",5,"Putah Creek, N. Fork - Davis",0
"1061",30,"Putah Creek, N. Fork - Davis",0
"1063",35,"Putah Creek, N. Fork - Davis",0
"1064",30,"Putah Creek, N. Fork - Davis",0
"1065",20,"Putah Creek, N. Fork - Davis",0
"1066",25,"Putah Creek, N. Fork - Davis",0
"1067",30,"Putah Creek, N. Fork - Davis",0
"1072",20,"Putah Creek, N. Fork - Davis",0
"1074",5,"Putah Creek, N. Fork - Davis",0
"1077",40,"Putah Creek, N. Fork - Davis",0
"1078",25,"Putah Creek, N. Fork - Davis",0
"1079",10,"Putah Creek, N. Fork - Davis",0
"108",0,"UCD Arboretum - Davis",0
"1081",10,"Putah Creek, N. Fork - Davis",0
"1082",25,"Putah Creek, N. Fork - Davis",0
"1084",40,"Putah Creek, N. Fork - Davis",0
"1086",30,"UCD Riparian Reserve - Davis",0
"1088",20,"UCD Riparian Reserve - Davis",0
"1092",25,"UCD Riparian Reserve - Davis",0
"1094",40,"UCD Riparian Reserve - Davis",0
"1096",35,"UCD Riparian Reserve - Davis",0
"11",45,"UCD Campus - Davis",0
"1101",25,"UCD Riparian Reserve - Davis",0
"1102",25,"UCD Riparian Reserve - Davis",0
"1106",10,"UCD Riparian Reserve - Davis",0
"1107",30,"UCD Riparian Reserve - Davis",0
"1109",15,"UCD Riparian Reserve - Davis",0
"1110",20,"UCD Riparian Reserve - Davis",0
"1112",15,"UCD Riparian Reserve - Davis",0
"1115",10,"UCD Riparian Reserve - Davis",0
"1116",20,"UCD Riparian Reserve - Davis",0
"1118",15,"UCD Riparian Reserve - Davis",0
"1119",15,"UCD Riparian Reserve - Davis",0
"112",20,"UCD Riparian Reserve - Davis",0
"1126",10,"UCD Riparian Reserve - Davis",0
"1133",20,"UCD Riparian Reserve - Davis",0
"1134",20,"UCD Riparian Reserve - Davis",0
"1137",45,"UCD Riparian Reserve - Davis",0
"1138",5,"UCD Riparian Reserve - Davis",0
"114",50,"UCD Riparian Reserve - Davis",0
"1143",10,"UCD Riparian Reserve - Davis",0
"1144",25,"UCD Riparian Reserve - Davis",0
"1148",25,"UCD Riparian Reserve - Davis",0
"1149",15,"UCD Riparian Reserve - Davis",0
"115",10,"UCD Riparian Reserve - Davis",0
"1151",25,"UCD Riparian Reserve - Davis",0
"1154",15,"UCD Riparian Reserve - Davis",0
"1157",15,"UCD Riparian Reserve - Davis",0
"1158",15,"UCD Riparian Reserve - Davis",0
"116",45,"UCD Riparian Reserve - Davis",0
"1161",25,"UCD Riparian Reserve - Davis",0
"1162",35,"UCD Riparian Reserve - Davis",0
"1166",15,"UCD Riparian Reserve - Davis",0
"117",10,"UCD Riparian Reserve - Davis",0
"1171",15,"UCD Riparian Reserve - Davis",0
"1176",15,"UCD Riparian Reserve - Davis",0
"1177",15,"UCD Riparian Reserve - Davis",0
"1179",35,"UCD Riparian Reserve - Davis",0
"118",10,"UCD Riparian Reserve - Davis",0
"1188",15,"UCD Riparian Reserve - Davis",0
"119",40,"UCD Riparian Reserve - Davis",0
"12",32,"UCD Campus - Davis",0
"120",40,"UCD Riparian Reserve - Davis",0
"121",15,"UCD Riparian Reserve - Davis",0
"124",15,"UCD Riparian Reserve - Davis",0
"127",5,"UCD Riparian Reserve - Davis",0
"128",20,"UCD Riparian Reserve - Davis",0
"129",40,"UCD Riparian Reserve - Davis",0
"130",60,"UCD Riparian Reserve - Davis",0
"131",40,"UCD Riparian Reserve - Davis",0
"132",25,"UCD Riparian Reserve - Davis",0
"133",15,"UCD Riparian Reserve - Davis",0
"134",10,"UCD Riparian Reserve - Davis",0
"135",15,"UCD Riparian Reserve - Davis",0
"136",45,"UCD Riparian Reserve - Davis",0
"137",45,"UCD Riparian Reserve - Davis",0
"138",65,"UCD Riparian Reserve - Davis",0
"13b",0,"UCD Campus - Davis",0
"14",10,"Nelson's Grove - Woodland",0
"140",10,"UCD Riparian Reserve - Davis",0
"146",25,"UCD Riparian Reserve - Davis",0
"147",10,"UCD Riparian Reserve - Davis",0
"148",15,"UCD Riparian Reserve - Davis",0
"149",20,"UCD Riparian Reserve - Davis",0
"15",5,"Nelson's Grove - Woodland",0
"151",10,"UCD Riparian Reserve - Davis",0
"152",20,"UCD Riparian Reserve - Davis",0
"153",10,"UCD Riparian Reserve - Davis",0
"154",20,"UCD Riparian Reserve - Davis",0
"155",60,"UCD Riparian Reserve - Davis",0
"156",25,"UCD Riparian Reserve - Davis",0
"157",45,"UCD Riparian Reserve - Davis",0
"158",10,"UCD Riparian Reserve - Davis",0
"159",20,"UCD Riparian Reserve - Davis",0
"16",35,"Nelson's Grove - Woodland",0
"160",20,"UCD Riparian Reserve - Davis",0
"161",45,"UCD Riparian Reserve - Davis",0
"162",10,"UCD Riparian Reserve - Davis",0
"163",25,"UCD Riparian Reserve - Davis",0
"164",40,"UCD Riparian Reserve - Davis",0
"165",35,"UCD Riparian Reserve - Davis",0
"166",20,"UCD Riparian Reserve - Davis",0
"168",40,"UCD Riparian Reserve - Davis",0
"169",30,"UCD Riparian Reserve - Davis",0
"170",35,"UCD Riparian Reserve - Davis",0
"171",75,"UCD Riparian Reserve - Davis",0
"172",10,"UCD Riparian Reserve - Davis",0
"174",35,"UCD Riparian Reserve - Davis",0
"175",20,"UCD Riparian Reserve - Davis",0
"178",5,"UCD Riparian Reserve - Davis",0
"179",35,"UCD Riparian Reserve - Davis",0
"18",10,"UCD Arboretum - Davis",0
"181",20,"UCD Riparian Reserve - Davis",0
"184",20,"UCD Riparian Reserve - Davis",0
"186",35,"UCD Riparian Reserve - Davis",0
"187",40,"UCD Riparian Reserve - Davis",0
"189",20,"UCD Riparian Reserve - Davis",0
"19",10,"UCD Arboretum - Davis",0
"190",14,"UCD Riparian Reserve - Davis",0
"192",25,"UCD Riparian Reserve - Davis",0
"193",10,"UCD Riparian Reserve - Davis",0
"194",15,"UCD Riparian Reserve - Davis",0
"195",25,"UCD Riparian Reserve - Davis",0
"196",25,"UCD Riparian Reserve - Davis",0
"197",35,"UCD Riparian Reserve - Davis",0
"198",30,"UCD Riparian Reserve - Davis",0
"199",20,"UCD Riparian Reserve - Davis",0
"2",35,"UCD Campus - Davis",0
"20",10,"UCD Arboretum - Davis",0
"200",5,"UCD Riparian Reserve - Davis",0
"200b",25,"UCD Riparian Reserve - Davis",0
"201",30,"Putah Creek, N. Fork - Davis",0
"202",10,"Putah Creek, N. Fork - Davis",0
"204",15,"Putah Creek, N. Fork - Davis",0
"205",25,"Putah Creek, N. Fork - Davis",0
"207",30,"Putah Creek, N. Fork - Davis",0
"208",45,"Putah Creek, N. Fork - Davis",0
"21",35,"UCD Arboretum - Davis",0
"211",25,"Putah Creek, N. Fork - Davis",0
"212",20,"Putah Creek, N. Fork - Davis",0
"213",30,"Putah Creek, N. Fork - Davis",0
"214",20,"Putah Creek, N. Fork - Davis",0
"215",40,"Putah Creek, N. Fork - Davis",0
"216",55,"Putah Creek, N. Fork - Davis",0
"218",15,"Putah Creek, N. Fork - Davis",0
"22",25,"UCD Arboretum - Davis",0
"221",30,"Putah Creek, N. Fork - Davis",0
"222",35,"Putah Creek, N. Fork - Davis",0
"223",35,"Putah Creek, N. Fork - Davis",0
"224",40,"Putah Creek, N. Fork - Davis",0
"225",20,"Putah Creek, N. Fork - Davis",0
"226",20,"Putah Creek, N. Fork - Davis",0
"227",5,"Putah Creek, N. Fork - Davis",0
"228",15,"Putah Creek, N. Fork - Davis",0
"229",20,"Putah Creek, N. Fork - Davis",0
"23",20,"UCD Arboretum - Davis",0
"230",25,"Putah Creek, N. Fork - Davis",0
"231",25,"Putah Creek, N. Fork - Davis",0
"232",25,"Putah Creek, N. Fork - Davis",0
"233",15,"Putah Creek, N. Fork - Davis",0
"234",10,"Putah Creek, N. Fork - Davis",0
"235",25,"Putah Creek, N. Fork - Davis",0
"236",40,"Putah Creek, N. Fork - Davis",0
"237",20,"Putah Creek, N. Fork - Davis",0
"238",25,"Putah Creek, N. Fork - Davis",0
"239",40,"Putah Creek, N. Fork - Davis",0
"24",20,"UCD Arboretum - Davis",0
"241",5,"Putah Creek, N. Fork - Davis",0
"242",5,"Putah Creek, N. Fork - Davis",0
"243",40,"Putah Creek, N. Fork - Davis",0
"244",15,"Putah Creek, N. Fork - Davis",0
"246",25,"Putah Creek, N. Fork - Davis",0
"247",45,"Putah Creek, N. Fork - Davis",0
"248",25,"Putah Creek, N. Fork - Davis",0
"25",20,"UCD Arboretum - Davis",0
"250",30,"Putah Creek, N. Fork - Davis",0
"251",20,"Putah Creek, N. Fork - Davis",0
"252",40,"Putah Creek, N. Fork - Davis",0
"253",35,"Putah Creek, N. Fork - Davis",0
"254",40,"Putah Creek, N. Fork - Davis",0
"255",40,"Putah Creek, N. Fork - Davis",0
"256",25,"Putah Creek, N. Fork - Davis",0
"258",25,"Putah Creek, N. Fork - Davis",0
"259",50,"Putah Creek, N. Fork - Davis",0
"26",10,"UCD Arboretum - Davis",0
"262",20,"Putah Creek, N. Fork - Davis",0
"263",10,"Putah Creek, N. Fork - Davis",0
"265",45,"Putah Creek, N. Fork - Davis",0
"266",25,"Putah Creek, N. Fork - Davis",0
"267",20,"Putah Creek, N. Fork - Davis",0
"268",15,"Putah Creek, N. Fork - Davis",0
"269",45,"Putah Creek, N. Fork - Davis",0
"27",10,"UCD Arboretum - Davis",0
"274",75,"Davis Amtrak - Davis",0
"275",20,"End of Butcher Rd. - Vacaville",0
"276",55,"End of Butcher Rd. - Vacaville",0
"277",45,"End of Butcher Rd. - Vacaville",0
"278",55,"End of Butcher Rd. - Vacaville",0
"279",35,"End of Butcher Rd. - Vacaville",0
"28",50,"UCD Arboretum - Davis",0
"280",60,"End of Butcher Rd. - Vacaville",0
"281",30,"End of Butcher Rd. - Vacaville",0
"282",30,"End of Butcher Rd. - Vacaville",0
"283",30,"End of Butcher Rd. - Vacaville",0
"284",30,"End of Butcher Rd. - Vacaville",0
"285",25,"End of Butcher Rd. - Vacaville",0
"286",15,"End of Butcher Rd. - Vacaville",0
"287",35,"End of Butcher Rd. - Vacaville",0
"288",30,"End of Butcher Rd. - Vacaville",0
"289",20,"End of Butcher Rd. - Vacaville",0
"29",30,"Garrod Dr. - Davis",0
"290",25,"End of Butcher Rd. - Vacaville",0
"291",30,"End of Butcher Rd. - Vacaville",0
"293",40,"End of Butcher Rd. - Vacaville",0
"294",20,"End of Butcher Rd. - Vacaville",0
"295",20,"End of Butcher Rd. - Vacaville",0
"296",15,"End of Butcher Rd. - Vacaville",0
"297",5,"End of Butcher Rd. - Vacaville",0
"298",10,"End of Butcher Rd. - Vacaville",0
"299",20,"End of Butcher Rd. - Vacaville",0
"30",30,"Garrod Dr. - Davis",0
"300",15,"End of Butcher Rd. - Vacaville",0
"301",15,"End of Butcher Rd. - Vacaville",0
"302",30,"End of Butcher Rd. - Vacaville",0
"303",30,"End of Butcher Rd. - Vacaville",0
"304",25,"End of Butcher Rd. - Vacaville",0
"306",60,"End of Butcher Rd. - Vacaville",0
"307",45,"End of Butcher Rd. - Vacaville",0
"31",5,"Garrod Dr. - Davis",0
"310",65,"End of Butcher Rd. - Vacaville",0
"311",20,"End of Butcher Rd. - Vacaville",0
"312",35,"End of Butcher Rd. - Vacaville",0
"313",45,"End of Butcher Rd. - Vacaville",0
"316",25,"End of Butcher Rd. - Vacaville",0
"317",25,"End of Butcher Rd. - Vacaville",0
"318",40,"End of Butcher Rd. - Vacaville",0
"319",40,"End of Butcher Rd. - Vacaville",0
"32",10,"Garrod Dr. - Davis",0
"320",45,"End of Butcher Rd. - Vacaville",0
"321",60,"End of Butcher Rd. - Vacaville",0
"324",20,"End of Butcher Rd. - Vacaville",0
"325",10,"End of Butcher Rd. - Vacaville",0
"329",40,"End of Butcher Rd. - Vacaville",0
"33",35,"UCD Arboretum - Davis",0
"330",35,"End of Butcher Rd. - Vacaville",0
"331",65,"End of Butcher Rd. - Vacaville",0
"333",15,"End of Butcher Rd. - Vacaville",0
"334",10,"End of Butcher Rd. - Vacaville",0
"335",35,"End of Butcher Rd. - Vacaville",0
"336",30,"End of Butcher Rd. - Vacaville",0
"337",60,"End of Butcher Rd. - Vacaville",0
"338",20,"End of Butcher Rd. - Vacaville",0
"339",35,"End of Butcher Rd. - Vacaville",0
"340",5,"End of Butcher Rd. - Vacaville",0
"341",30,"End of Butcher Rd. - Vacaville",0
"342",65,"End of Butcher Rd. - Vacaville",0
"343",30,"End of Butcher Rd. - Vacaville",0
"35",45,"UCD Arboretum - Davis",0
"352",80,"End of Butcher Rd. - Vacaville",0
"355",10,"End of Butcher Rd. - Vacaville",0
"356",35,"End of Butcher Rd. - Vacaville",0
"357",10,"End of Butcher Rd. - Vacaville",0
"358",5,"End of Butcher Rd. - Vacaville",0
"359",55,"End of Butcher Rd. - Vacaville",0
"360",20,"End of Butcher Rd. - Vacaville",0
"361",55,"End of Butcher Rd. - Vacaville",0
"365",40,"End of Butcher Rd. - Vacaville",0
"366",50,"End of Butcher Rd. - Vacaville",0
"367",50,"End of Butcher Rd. - Vacaville",0
"368",10,"End of Butcher Rd. - Vacaville",0
"37",30,"UCD Arboretum - Davis",0
"370",5,"End of Butcher Rd. - Vacaville",0
"371",10,"End of Butcher Rd. - Vacaville",0
"372",5,"End of Butcher Rd. - Vacaville",0
"373",15,"End of Butcher Rd. - Vacaville",0
"374",45,"Nelson's Grove - Woodland",0
"376",10,"Nelson's Grove - Woodland",0
"377",10,"Nelson's Grove - Woodland",0
"378",5,"Nelson's Grove - Woodland",0
"379",15,"Nelson's Grove - Woodland",0
"38",12,"UCD Arboretum - Davis",0
"381",25,"Nelson's Grove - Woodland",0
"382",20,"Nelson's Grove - Woodland",0
"384",20,"Nelson's Grove - Woodland",0
"386",15,"Nelson's Grove - Woodland",0
"388",5,"Nelson's Grove - Woodland",0
"389",20,"Nelson's Grove - Woodland",0
"39",80,"UCD Arboretum - Davis",0
"390",10,"Nelson's Grove - Woodland",0
"391",20,"Nelson's Grove - Woodland",0
"392A",45,"Nelson's Grove - Woodland",0
"392B",15,"Nelson's Grove - Woodland",0
"393",30,"Nelson's Grove - Woodland",0
"394",20,"Nelson's Grove - Woodland",0
"395",10,"Nelson's Grove - Woodland",0
"396",40,"Nelson's Grove - Woodland",0
"398",15,"Nelson's Grove - Woodland",0
"399",5,"Nelson's Grove - Woodland",0
"4",5,"UCD Campus - Davis",0
"40",15,"UCD Arboretum - Davis",0
"401",10,"Nelson's Grove - Woodland",0
"402",30,"Nelson's Grove - Woodland",0
"403",5,"Nelson's Grove - Woodland",0
"404",10,"Nelson's Grove - Woodland",0
"405",15,"Nelson's Grove - Woodland",0
"408",30,"Nelson's Grove - Woodland",0
"409",30,"Nelson's Grove - Woodland",0
"41",25,"UCD Arboretum - Davis",0
"410",15,"Nelson's Grove - Woodland",0
"411",40,"Nelson's Grove - Woodland",0
"412",45,"Nelson's Grove - Woodland",0
"413",45,"Nelson's Grove - Woodland",0
"415",40,"Alamo Creek - Vacaville",0
"418b",15,"Alamo Creek - Vacaville",0
"419",25,"Alamo Creek - Vacaville",0
"42",25,"UCD Arboretum - Davis",0
"420",20,"Alamo Creek - Vacaville",0
"421",15,"Alamo Creek - Vacaville",0
"424",25,"Alamo Creek - Vacaville",0
"425",45,"Alamo Creek - Vacaville",0
"426",15,"Alamo Creek - Vacaville",0
"427",20,"Alamo Creek - Vacaville",0
"43",40,"UCD Arboretum - Davis",0
"431",20,"Alamo Creek - Vacaville",0
"432",5,"Alamo Creek - Vacaville",0
"433",10,"Alamo Creek - Vacaville",0
"434",10,"Alamo Creek - Vacaville",0
"436",25,"Alamo Creek - Vacaville",0
"437",10,"Alamo Creek - Vacaville",0
"438",20,"Alamo Creek - Vacaville",0
"441",45,"Alamo Creek - Vacaville",0
"442",55,"Alamo Creek - Vacaville",0
"443",80,"Alamo Creek - Vacaville",0
"444",20,"Alamo Creek - Vacaville",0
"446",20,"Alamo Creek - Vacaville",0
"447",20,"Alamo Creek - Vacaville",0
"448b",50,"Alamo Creek - Vacaville",0
"449",10,"Alamo Creek - Vacaville",0
"45",35,"UCD Arboretum - Davis",0
"450",25,"Alamo Creek - Vacaville",0
"451",15,"Alamo Creek - Vacaville",0
"453",5,"Alamo Creek - Vacaville",0
"454",20,"Alamo Creek - Vacaville",0
"455",25,"Alamo Creek - Vacaville",0
"456",5,"Alamo Creek - Vacaville",0
"46",20,"UCD Arboretum - Davis",0
"460",20,"Alamo Creek - Vacaville",0
"462",5,"Alamo Creek - Vacaville",0
"463",50,"Alamo Creek - Vacaville",0
"464",40,"Alamo Creek - Vacaville",0
"465",65,"Alamo Creek - Vacaville",0
"467",75,"Alamo Creek - Vacaville",0
"469",25,"Alamo Creek - Vacaville",0
"47",15,"UCD Arboretum - Davis",0
"470",45,"Alamo Creek - Vacaville",0
"472",30,"Alamo Creek - Vacaville",0
"473",20,"Alamo Creek - Vacaville",0
"474",40,"Alamo Creek - Vacaville",0
"477",50,"Alamo Creek - Vacaville",0
"478",15,"Alamo Creek - Vacaville",0
"479",65,"Alamo Creek - Vacaville",0
"48",15,"UCD Arboretum - Davis",0
"482",35,"Alamo Creek - Vacaville",0
"483",55,"Alamo Creek - Vacaville",0
"484",35,"Alamo Creek - Vacaville",0
"485",15,"Alamo Creek - Vacaville",0
"49",10,"UCD Arboretum - Davis",0
"50",18,"UCD Arboretum - Davis",0
"503",25,"601 A St. - Davis",0
"504",30,"601 A St. - Davis",0
"505",15,"601 A St. - Davis",0
"507",70,"601 A St. - Davis",0
"508",15,"601 A St. - Davis",0
"51",18,"UCD Arboretum - Davis",0
"510",10,"601 A St. - Davis",0
"510b",15,"601 A St. - Davis",0
"511",10,"601 A St. - Davis",0
"512",80,"601 A St. - Davis",0
"513",20,"601 A St. - Davis",0
"514",20,"601 A St. - Davis",0
"515",40,"601 A St. - Davis",0
"518",10,"601 A St. - Davis",0
"519",15,"601 A St. - Davis",0
"52",15,"UCD Arboretum - Davis",0
"520",5,"601 A St. - Davis",0
"523",95,"601 A St. - Davis",0
"527",45,"Alamo Creek - Vacaville",0
"528",35,"Alamo Creek - Vacaville",0
"529",35,"Alamo Creek - Vacaville",0
"531",15,"Alamo Creek - Vacaville",0
"532",25,"Alamo Creek - Vacaville",0
"535",40,"Alamo Creek - Vacaville",0
"536",60,"Alamo Creek - Vacaville",0
"537",10,"Alamo Creek - Vacaville",0
"538",65,"Alamo Creek - Vacaville",0
"539",30,"Alamo Creek - Vacaville",0
"540",40,"Alamo Creek - Vacaville",0
"541",15,"Alamo Creek - Vacaville",0
"542",20,"Alamo Creek - Vacaville",0
"543",45,"Alamo Creek - Vacaville",0
"545",25,"Alamo Creek - Vacaville",0
"546",25,"Alamo Creek - Vacaville",0
"547",25,"Alamo Creek - Vacaville",0
"548",5,"Alamo Creek - Vacaville",0
"549",25,"Alamo Creek - Vacaville",0
"55",25,"UCD Arboretum - Davis",0
"550",25,"Alamo Creek - Vacaville",0
"551",10,"Alamo Creek - Vacaville",0
"552",20,"Alamo Creek - Vacaville",0
"553",10,"Alamo Creek - Vacaville",0
"554",15,"Alamo Creek - Vacaville",0
"556",15,"Alamo Creek - Vacaville",0
"557",35,"Alamo Creek - Vacaville",0
"558",15,"Alamo Creek - Vacaville",0
"560",20,"Alamo Creek - Vacaville",0
"561",15,"Alamo Creek - Vacaville",0
"562",15,"Alamo Creek - Vacaville",0
"563",15,"Alamo Creek - Vacaville",0
"564",10,"Alamo Creek - Vacaville",0
"565",55,"Alamo Creek - Vacaville",0
"57",50,"UCD Arboretum - Davis",0
"570",20,"Alamo Creek - Vacaville",0
"571",10,"Alamo Creek - Vacaville",0
"572",20,"Alamo Creek - Vacaville",0
"573",10,"Alamo Creek - Vacaville",0
"574",10,"Alamo Creek - Vacaville",0
"576",10,"Alamo Creek - Vacaville",0
"577",10,"Alamo Creek - Vacaville",0
"579",10,"Alamo Creek - Vacaville",0
"58",5,"UCD Arboretum - Davis",0
"580",30,"Alamo Creek - Vacaville",0
"581",55,"Alamo Creek - Vacaville",0
"582",15,"Alamo Creek - Vacaville",0
"584",10,"End of Butcher Rd. - Vacaville",0
"585",25,"End of Butcher Rd. - Vacaville",0
"586",15,"End of Butcher Rd. - Vacaville",0
"587",30,"End of Butcher Rd. - Vacaville",0
"588",45,"End of Butcher Rd. - Vacaville",0
"589",50,"End of Butcher Rd. - Vacaville",0
"590",35,"End of Butcher Rd. - Vacaville",0
"592",10,"End of Butcher Rd. - Vacaville",0
"593",45,"End of Butcher Rd. - Vacaville",0
"594",45,"End of Butcher Rd. - Vacaville",0
"595",10,"End of Butcher Rd. - Vacaville",0
"596",35,"End of Butcher Rd. - Vacaville",0
"597",10,"End of Butcher Rd. - Vacaville",0
"598",40,"End of Butcher Rd. - Vacaville",0
"599",15,"End of Butcher Rd. - Vacaville",0
"6",5,"UCD Campus - Davis",0
"60",15,"UCD Arboretum - Davis",0
"600",90,"End of Butcher Rd. - Vacaville",0
"601",10,"End of Butcher Rd. - Vacaville",0
"602",30,"End of Butcher Rd. - Vacaville",0
"603",15,"End of Butcher Rd. - Vacaville",0
"604",10,"End of Butcher Rd. - Vacaville",0
"605",45,"End of Butcher Rd. - Vacaville",0
"606",25,"End of Butcher Rd. - Vacaville",0
"607",5,"End of Butcher Rd. - Vacaville",0
"608",5,"End of Butcher Rd. - Vacaville",0
"609",20,"End of Butcher Rd. - Vacaville",0
"61",5,"UCD Arboretum - Davis",0
"610",15,"End of Butcher Rd. - Vacaville",0
"611",40,"End of Butcher Rd. - Vacaville",0
"612",5,"End of Butcher Rd. - Vacaville",0
"613",5,"End of Butcher Rd. - Vacaville",0
"614",5,"End of Butcher Rd. - Vacaville",0
"615",25,"End of Butcher Rd. - Vacaville",0
"616",15,"End of Butcher Rd. - Vacaville",0
"617",35,"End of Butcher Rd. - Vacaville",0
"618",15,"End of Butcher Rd. - Vacaville",0
"619",15,"End of Butcher Rd. - Vacaville",0
"62",20,"UCD Arboretum - Davis",0
"620",20,"End of Butcher Rd. - Vacaville",0
"621",5,"End of Butcher Rd. - Vacaville",0
"622",0,"End of Butcher Rd. - Vacaville",0
"623",40,"End of Butcher Rd. - Vacaville",0
"624",35,"End of Butcher Rd. - Vacaville",0
"625",0,"End of Butcher Rd. - Vacaville",0
"626",10,"End of Butcher Rd. - Vacaville",0
"627",10,"End of Butcher Rd. - Vacaville",0
"628",10,"End of Butcher Rd. - Vacaville",0
"629",10,"End of Butcher Rd. - Vacaville",0
"63",5,"UCD Arboretum - Davis",0
"630",10,"End of Butcher Rd. - Vacaville",0
"631",5,"End of Butcher Rd. - Vacaville",0
"632",5,"End of Butcher Rd. - Vacaville",0
"633",30,"End of Butcher Rd. - Vacaville",0
"635",25,"End of Butcher Rd. - Vacaville",0
"637",15,"End of Butcher Rd. - Vacaville",0
"638",25,"End of Butcher Rd. - Vacaville",0
"639",20,"End of Butcher Rd. - Vacaville",0
"64",10,"UCD Arboretum - Davis",0
"640",10,"End of Butcher Rd. - Vacaville",0
"641",5,"End of Butcher Rd. - Vacaville",0
"642",5,"End of Butcher Rd. - Vacaville",0
"643",10,"End of Butcher Rd. - Vacaville",0
"644",10,"End of Butcher Rd. - Vacaville",0
"645",10,"End of Butcher Rd. - Vacaville",0
"646",10,"End of Butcher Rd. - Vacaville",0
"647",10,"End of Butcher Rd. - Vacaville",0
"649",10,"End of Butcher Rd. - Vacaville",0
"65",35,"UCD Arboretum - Davis",0
"651",25,"End of Butcher Rd. - Vacaville",0
"652",15,"End of Butcher Rd. - Vacaville",0
"653",10,"End of Butcher Rd. - Vacaville",0
"654",5,"End of Butcher Rd. - Vacaville",0
"655",25,"End of Butcher Rd. - Vacaville",0
"657",10,"Alamo Creek - Vacaville",0
"66",20,"UCD Arboretum - Davis",0
"661",15,"Alamo Creek - Vacaville",0
"662",20,"Alamo Creek - Vacaville",0
"663",5,"Alamo Creek - Vacaville",0
"664",10,"Alamo Creek - Vacaville",0
"665",10,"Alamo Creek - Vacaville",0
"667",30,"Alamo Creek - Vacaville",0
"668",10,"Alamo Creek - Vacaville",0
"669",45,"Alamo Creek - Vacaville",0
"67",10,"UCD Arboretum - Davis",0
"670",15,"Alamo Creek - Vacaville",0
"673",5,"Alamo Creek - Vacaville",0
"674",25,"Alamo Creek - Vacaville",0
"675",20,"Alamo Creek - Vacaville",0
"676",25,"Alamo Creek - Vacaville",0
"677",35,"Alamo Creek - Vacaville",0
"678",25,"Alamo Creek - Vacaville",0
"680",30,"Alamo Creek - Vacaville",0
"681",35,"Alamo Creek - Vacaville",0
"683",60,"Alamo Creek - Vacaville",0
"684",15,"Alamo Creek - Vacaville",0
"686",35,"Alamo Creek - Vacaville",0
"687",25,"Alamo Creek - Vacaville",0
"689",10,"Alamo Creek - Vacaville",0
"69",25,"UCD Arboretum - Davis",0
"690",30,"Alamo Creek - Vacaville",0
"692",10,"Alamo Creek - Vacaville",0
"693",15,"Alamo Creek - Vacaville",0
"696",10,"Alamo Creek - Vacaville",0
"697",10,"Alamo Creek - Vacaville",0
"698",5,"Alamo Creek - Vacaville",0
"7",15,"UCD Campus - Davis",0
"700",15,"Alamo Creek - Vacaville",0
"701",45,"Alamo Creek - Vacaville",0
"702",40,"Alamo Creek - Vacaville",0
"704",5,"Alamo Creek - Vacaville",0
"706",10,"Alamo Creek - Vacaville",0
"708",10,"Alamo Creek - Vacaville",0
"709",10,"Alamo Creek - Vacaville",0
"71",60,"UCD Arboretum - Davis",0
"710",10,"Alamo Creek - Vacaville",0
"711",10,"Alamo Creek - Vacaville",0
"712",5,"Alamo Creek - Vacaville",0
"713",45,"Alamo Creek - Vacaville",0
"715",0,"Alamo Creek - Vacaville",0
"716",10,"Alamo Creek - Vacaville",0
"717",20,"Alamo Creek - Vacaville",0
"718",10,"Alamo Creek - Vacaville",0
"719",40,"Alamo Creek - Vacaville",0
"72",15,"UCD Arboretum - Davis",0
"720",10,"Alamo Creek - Vacaville",0
"722",15,"Alamo Creek - Vacaville",0
"723",10,"Alamo Creek - Vacaville",0
"724",35,"Alamo Creek - Vacaville",0
"726",10,"Alamo Creek - Vacaville",0
"727",10,"Alamo Creek - Vacaville",0
"728",5,"Alamo Creek - Vacaville",0
"729",10,"Alamo Creek - Vacaville",0
"73",15,"UCD Arboretum - Davis",0
"730",10,"Alamo Creek - Vacaville",0
"731",50,"Alamo Creek - Vacaville",0
"732",25,"Alamo Creek - Vacaville",0
"733",10,"Alamo Creek - Vacaville",0
"735",5,"Alamo Creek - Vacaville",0
"736",5,"Alamo Creek - Vacaville",0
"737b",10,"End of Butcher Rd. - Vacaville",0
"738",35,"End of Butcher Rd. - Vacaville",0
"738b",10,"End of Butcher Rd. - Vacaville",0
"739",15,"End of Butcher Rd. - Vacaville",0
"739b",60,"End of Butcher Rd. - Vacaville",0
"74",20,"UCD Arboretum - Davis",0
"740b",5,"End of Butcher Rd. - Vacaville",0
"741",15,"End of Butcher Rd. - Vacaville",0
"741b",5,"End of Butcher Rd. - Vacaville",0
"742",40,"End of Butcher Rd. - Vacaville",0
"743",10,"End of Butcher Rd. - Vacaville",0
"744",35,"End of Butcher Rd. - Vacaville",0
"744b",5,"End of Butcher Rd. - Vacaville",0
"745",5,"End of Butcher Rd. - Vacaville",0
"746b",10,"End of Butcher Rd. - Vacaville",0
"748",15,"End of Butcher Rd. - Vacaville",0
"749",40,"End of Butcher Rd. - Vacaville",0
"75",10,"UCD Arboretum - Davis",0
"751",45,"End of Butcher Rd. - Vacaville",0
"753",40,"End of Butcher Rd. - Vacaville",0
"758",25,"End of Butcher Rd. - Vacaville",0
"76",15,"UCD Arboretum - Davis",0
"760",40,"End of Butcher Rd. - Vacaville",0
"761",25,"End of Butcher Rd. - Vacaville",0
"762",35,"End of Butcher Rd. - Vacaville",0
"767",35,"End of Butcher Rd. - Vacaville",0
"768",70,"End of Butcher Rd. - Vacaville",0
"77",20,"UCD Arboretum - Davis",0
"772",25,"End of Butcher Rd. - Vacaville",0
"778",35,"End of Butcher Rd. - Vacaville",0
"78",60,"UCD Arboretum - Davis",0
"780",5,"End of Butcher Rd. - Vacaville",0
"781",55,"End of Butcher Rd. - Vacaville",0
"786",10,"End of Butcher Rd. - Vacaville",0
"789",35,"End of Butcher Rd. - Vacaville",0
"79",25,"UCD Arboretum - Davis",0
"790",10,"End of Butcher Rd. - Vacaville",0
"793",60,"End of Butcher Rd. - Vacaville",0
"8",42,"UCD Campus - Davis",0
"80",15,"UCD Arboretum - Davis",0
"807",40,"Nelson's Grove - Woodland",0
"808",20,"Nelson's Grove - Woodland",0
"81",10,"UCD Arboretum - Davis",0
"814",25,"Nelson's Grove - Woodland",0
"817",60,"Nelson's Grove - Woodland",0
"818",25,"Nelson's Grove - Woodland",0
"819",20,"Nelson's Grove - Woodland",0
"82",80,"604 E 8th St - Davis",0
"822",30,"Nelson's Grove - Woodland",0
"824",20,"Nelson's Grove - Woodland",0
"825",25,"Nelson's Grove - Woodland",0
"826",20,"Nelson's Grove - Woodland",0
"827",50,"Nelson's Grove - Woodland",0
"83",80,"604 E 8th St - Davis",0
"830",10,"Nelson's Grove - Woodland",0
"832",15,"Nelson's Grove - Woodland",0
"833",10,"Nelson's Grove - Woodland",0
"835",15,"Nelson's Grove - Woodland",0
"836",20,"Nelson's Grove - Woodland",0
"840",40,"Nelson's Grove - Woodland",0
"841",30,"Nelson's Grove - Woodland",0
"842",25,"Nelson's Grove - Woodland",0
"844",40,"Nelson's Grove - Woodland",0
"849",45,"Nelson's Grove - Woodland",0
"85",40,"604 E 8th St - Davis",0
"850",15,"Nelson's Grove - Woodland",0
"854",40,"Nelson's Grove - Woodland",0
"857",30,"Nelson's Grove - Woodland",0
"858",15,"Nelson's Grove - Woodland",0
"859",20,"Nelson's Grove - Woodland",0
"860",45,"Nelson's Grove - Woodland",0
"862",40,"Nelson's Grove - Woodland",0
"863",20,"Nelson's Grove - Woodland",0
"864",35,"Nelson's Grove - Woodland",0
"865",10,"Nelson's Grove - Woodland",0
"868",20,"Nelson's Grove - Woodland",0
"87",20,"604 E 8th St - Davis",0
"870",25,"Nelson's Grove - Woodland",0
"872",10,"Nelson's Grove - Woodland",0
"874",10,"Nelson's Grove - Woodland",0
"877",25,"Nelson's Grove - Woodland",0
"88",15,"604 E 8th St - Davis",0
"880",15,"Nelson's Grove - Woodland",0
"882",70,"Nelson's Grove - Woodland",0
"883",35,"Nelson's Grove - Woodland",0
"884",15,"Nelson's Grove - Woodland",0
"886",55,"Nelson's Grove - Woodland",0
"888",45,"Nelson's Grove - Woodland",0
"889",15,"Nelson's Grove - Woodland",0
"89",20,"604 E 8th St - Davis",0
"890",20,"Nelson's Grove - Woodland",0
"891",30,"Nelson's Grove - Woodland",0
"892",25,"Nelson's Grove - Woodland",0
"894",20,"Nelson's Grove - Woodland",0
"896",20,"Nelson's Grove - Woodland",0
"897",35,"Nelson's Grove - Woodland",0
"9",15,"UCD Campus - Davis",0
"90",15,"604 E 8th St - Davis",0
"904",30,"Nelson's Grove - Woodland",0
"905",15,"Nelson's Grove - Woodland",0
"908",30,"Nelson's Grove - Woodland",0
"91",20,"604 E 8th St - Davis",0
"914",10,"Nelson's Grove - Woodland",0
"915",10,"Nelson's Grove - Woodland",0
"918",5,"Nelson's Grove - Woodland",0
"919",5,"Nelson's Grove - Woodland",0
"92",20,"604 E 8th St - Davis",0
"920",15,"Nelson's Grove - Woodland",0
"921",20,"Nelson's Grove - Woodland",0
"922",15,"Nelson's Grove - Woodland",0
"925",15,"Nelson's Grove - Woodland",0
"927",10,"Nelson's Grove - Woodland",0
"929",10,"Nelson's Grove - Woodland",0
"93",0,"604 E 8th St - Davis",0
"930",5,"Nelson's Grove - Woodland",0
"932",5,"Nelson's Grove - Woodland",0
"933",5,"Nelson's Grove - Woodland",0
"934",25,"Nelson's Grove - Woodland",0
"935",25,"Nelson's Grove - Woodland",0
"936",25,"Nelson's Grove - Woodland",0
"937",5,"Nelson's Grove - Woodland",0
"938",10,"Nelson's Grove - Woodland",0
"939",35,"Nelson's Grove - Woodland",0
"941",20,"Nelson's Grove - Woodland",0
"942",15,"Nelson's Grove - Woodland",0
"943",10,"Nelson's Grove - Woodland",0
"946",30,"Nelson's Grove - Woodland",0
"947",10,"Nelson's Grove - Woodland",0
"949",10,"Nelson's Grove - Woodland",0
"95",45,"604 E 8th St - Davis",0
"951",10,"Nelson's Grove - Woodland",0
"952",25,"Nelson's Grove - Woodland",0
"956",10,"Nelson's Grove - Woodland",0
"957",40,"Nelson's Grove - Woodland",0
"958",30,"Nelson's Grove - Woodland",0
"96",10,"604 E 8th St - Davis",0
"960",10,"Nelson's Grove - Woodland",0
"961",5,"Nelson's Grove - Woodland",0
"961b",0,"Nelson's Grove - Woodland",0
"961c",0,"Nelson's Grove - Woodland",0
"963",25,"Nelson's Grove - Woodland",0
"965",35,"Nelson's Grove - Woodland",0
"967",15,"Nelson's Grove - Woodland",0
"97",20,"604 E 8th St - Davis",0
"972",15,"Nelson's Grove - Woodland",0
"973",15,"Nelson's Grove - Woodland",0
"975",20,"Nelson's Grove - Woodland",0
"977",25,"Nelson's Grove - Woodland",0
"978",5,"Nelson's Grove - Woodland",0
"979",20,"Nelson's Grove - Woodland",0
"98",10,"604 E 8th St - Davis",0
"982",10,"Nelson's Grove - Woodland",0
"985",20,"Nelson's Grove - Woodland",0
"986",35,"Nelson's Grove - Woodland",0
"987",5,"Nelson's Grove - Woodland",0
"988",10,"Nelson's Grove - Woodland",0
"989",30,"Nelson's Grove - Woodland",0
"99",10,"604 E 8th St - Davis",0
"990",15,"Nelson's Grove - Woodland",0
"991",5,"Nelson's Grove - Woodland",0
"993",50,"Putah Creek, N. Fork - Davis",0
"996",10,"Putah Creek, N. Fork - Davis",0
"997",15,"Putah Creek, N. Fork - Davis",0
"998",10,"Putah Creek, N. Fork - Davis",0
"9XX",0,"Nelson's Grove - Woodland",0
"A",5,"Shields Oak Grove - Davis",0
"ARB2",60,"Shields Oak Grove - Davis",0
"B",15,"Shields Oak Grove - Davis",0
"C",5,"Shields Oak Grove - Davis",0
"D",10,"Shields Oak Grove - Davis",0
"I",25,"Shields Oak Grove - Davis",0
"K",25,"Shields Oak Grove - Davis",0
"L",30,"Shields Oak Grove - Davis",0
"N",15,"Shields Oak Grove - Davis",0
"O",15,"Shields Oak Grove - Davis",0
"P",15,"Shields Oak Grove - Davis",0
"PC1",25,"Putah Creek, N. Fork - Davis",0
"PC2",20,"Putah Creek, N. Fork - Davis",0
"PC3",25,"Putah Creek, N. Fork - Davis",0
"Q",10,"Shields Oak Grove - Davis",0
"R",20,"Shields Oak Grove - Davis",0
"RIP1",20,"UCD Riparian Reserve - Davis",0
"RIP2",30,"UCD Riparian Reserve - Davis",0
"RIP3",40,"UCD Riparian Reserve - Davis",0
"RIP4",50,"UCD Riparian Reserve - Davis",0
"S",10,"Shields Oak Grove - Davis",0
"T",0,"Shields Oak Grove - Davis",0
"V",35,"Shields Oak Grove - Davis",0
"W",15,"Shields Oak Grove - Davis",0
"W2",15,"Shields Oak Grove - Davis",0
"X",10,"Shields Oak Grove - Davis",0
"Y2",25,"Shields Oak Grove - Davis",0
"Z",10,"Shields Oak Grove - Davis",0
"1014",20,"Putah Creek, N. Fork - Davis",1
"1015",20,"Putah Creek, N. Fork - Davis",1
"1016",10,"Putah Creek, N. Fork - Davis",1
"102",85,"604 E 8th St - Davis",1
"1020",15,"Putah Creek, N. Fork - Davis",1
"1023",20,"Putah Creek, N. Fork - Davis",1
"1035",30,"Putah Creek, N. Fork - Davis",1
"1037",50,"Putah Creek, N. Fork - Davis",1
"1050",40,"Putah Creek, N. Fork - Davis",1
"1051",20,"Putah Creek, N. Fork - Davis",1
"1054",5,"Putah Creek, N. Fork - Davis",1
"1056",30,"Putah Creek, N. Fork - Davis",1
"1058",35,"Putah Creek, N. Fork - Davis",1
"1062",5,"Putah Creek, N. Fork - Davis",1
"107",40,"UCD Arboretum - Davis",1
"1076",50,"Putah Creek, N. Fork - Davis",1
"1080",55,"Putah Creek, N. Fork - Davis",1
"1087",35,"UCD Riparian Reserve - Davis",1
"1090",45,"UCD Riparian Reserve - Davis",1
"1098",35,"UCD Riparian Reserve - Davis",1
"1099",30,"UCD Riparian Reserve - Davis",1
"110",45,"618 C St. - Davis",1
"1108",15,"UCD Riparian Reserve - Davis",1
"1114",25,"UCD Riparian Reserve - Davis",1
"1122",10,"UCD Riparian Reserve - Davis",1
"1123",10,"UCD Riparian Reserve - Davis",1
"1127",30,"UCD Riparian Reserve - Davis",1
"1129",30,"UCD Riparian Reserve - Davis",1
"1135",50,"UCD Riparian Reserve - Davis",1
"1147",35,"UCD Riparian Reserve - Davis",1
"1152",15,"UCD Riparian Reserve - Davis",1
"1169",15,"UCD Riparian Reserve - Davis",1
"1178",45,"UCD Riparian Reserve - Davis",1
"1182",10,"UCD Riparian Reserve - Davis",1
"1183",15,"UCD Riparian Reserve - Davis",1
"1190",45,"UCD Riparian Reserve - Davis",1
"1198",100,"UCD Riparian Reserve - Davis",1
"123",70,"UCD Riparian Reserve - Davis",1
"139",60,"UCD Riparian Reserve - Davis",1
"142",90,"UCD Riparian Reserve - Davis",1
"143",80,"UCD Riparian Reserve - Davis",1
"173",40,"UCD Riparian Reserve - Davis",1
"176",45,"UCD Riparian Reserve - Davis",1
"180",45,"UCD Riparian Reserve - Davis",1
"182",35,"UCD Riparian Reserve - Davis",1
"188",30,"UCD Riparian Reserve - Davis",1
"191",5,"UCD Riparian Reserve - Davis",1
"203",10,"Putah Creek, N. Fork - Davis",1
"206",80,"Putah Creek, N. Fork - Davis",1
"209",45,"Putah Creek, N. Fork - Davis",1
"217",40,"Putah Creek, N. Fork - Davis",1
"219",40,"Putah Creek, N. Fork - Davis",1
"220",35,"Putah Creek, N. Fork - Davis",1
"245",50,"Putah Creek, N. Fork - Davis",1
"249",40,"Putah Creek, N. Fork - Davis",1
"257",45,"Putah Creek, N. Fork - Davis",1
"260",30,"Putah Creek, N. Fork - Davis",1
"261",35,"Putah Creek, N. Fork - Davis",1
"292",55,"End of Butcher Rd. - Vacaville",1
"3",30,"UCD Campus - Davis",1
"308",60,"End of Butcher Rd. - Vacaville",1
"314",50,"End of Butcher Rd. - Vacaville",1
"323",30,"End of Butcher Rd. - Vacaville",1
"326",40,"End of Butcher Rd. - Vacaville",1
"328",60,"End of Butcher Rd. - Vacaville",1
"332",55,"End of Butcher Rd. - Vacaville",1
"34",50,"UCD Arboretum - Davis",1
"353",110,"End of Butcher Rd. - Vacaville",1
"362",60,"End of Butcher Rd. - Vacaville",1
"363",60,"End of Butcher Rd. - Vacaville",1
"364",30,"End of Butcher Rd. - Vacaville",1
"369",65,"End of Butcher Rd. - Vacaville",1
"375",40,"Nelson's Grove - Woodland",1
"385",50,"Nelson's Grove - Woodland",1
"400",35,"Nelson's Grove - Woodland",1
"407",30,"Nelson's Grove - Woodland",1
"416",70,"Alamo Creek - Vacaville",1
"418",35,"Alamo Creek - Vacaville",1
"428",50,"Alamo Creek - Vacaville",1
"429",5,"Alamo Creek - Vacaville",1
"435",35,"Alamo Creek - Vacaville",1
"439",35,"Alamo Creek - Vacaville",1
"452",40,"Alamo Creek - Vacaville",1
"458",15,"Alamo Creek - Vacaville",1
"459",35,"Alamo Creek - Vacaville",1
"471",0,"Alamo Creek - Vacaville",1
"476",70,"Alamo Creek - Vacaville",1
"490",70,"Alamo Creek - Vacaville",1
"492",80,"Alamo Creek - Vacaville",1
"493",90,"Alamo Creek - Vacaville",1
"494",80,"Alamo Creek - Vacaville",1
"501",20,"601 A St. - Davis",1
"506",35,"601 A St. - Davis",1
"517",40,"601 A St. - Davis",1
"530",50,"Alamo Creek - Vacaville",1
"533",35,"Alamo Creek - Vacaville",1
"534",25,"Alamo Creek - Vacaville",1
"56",40,"UCD Arboretum - Davis",1
"568",75,"Alamo Creek - Vacaville",1
"59",45,"UCD Arboretum - Davis",1
"591",30,"End of Butcher Rd. - Vacaville",1
"634",40,"End of Butcher Rd. - Vacaville",1
"636",50,"End of Butcher Rd. - Vacaville",1
"650",70,"End of Butcher Rd. - Vacaville",1
"658",40,"Alamo Creek - Vacaville",1
"660",40,"Alamo Creek - Vacaville",1
"672",10,"Alamo Creek - Vacaville",1
"679",15,"Alamo Creek - Vacaville",1
"68",55,"UCD Arboretum - Davis",1
"682",40,"Alamo Creek - Vacaville",1
"691",45,"Alamo Creek - Vacaville",1
"694",70,"Alamo Creek - Vacaville",1
"695",45,"Alamo Creek - Vacaville",1
"70",30,"UCD Arboretum - Davis",1
"703",50,"Alamo Creek - Vacaville",1
"707",20,"Alamo Creek - Vacaville",1
"714",30,"Alamo Creek - Vacaville",1
"737c",65,"End of Butcher Rd. - Vacaville",1
"745b",50,"End of Butcher Rd. - Vacaville",1
"747",210,"End of Butcher Rd. - Vacaville",1
"752",95,"End of Butcher Rd. - Vacaville",1
"755",55,"End of Butcher Rd. - Vacaville",1
"757",60,"End of Butcher Rd. - Vacaville",1
"763",70,"End of Butcher Rd. - Vacaville",1
"770",50,"End of Butcher Rd. - Vacaville",1
"771",35,"End of Butcher Rd. - Vacaville",1
"773",100,"End of Butcher Rd. - Vacaville",1
"779",40,"End of Butcher Rd. - Vacaville",1
"782",35,"End of Butcher Rd. - Vacaville",1
"785",45,"End of Butcher Rd. - Vacaville",1
"788",80,"End of Butcher Rd. - Vacaville",1
"791",5,"End of Butcher Rd. - Vacaville",1
"794",50,"End of Butcher Rd. - Vacaville",1
"810",20,"Nelson's Grove - Woodland",1
"811",35,"Nelson's Grove - Woodland",1
"823",60,"Nelson's Grove - Woodland",1
"831",40,"Nelson's Grove - Woodland",1
"834",10,"Nelson's Grove - Woodland",1
"845",30,"Nelson's Grove - Woodland",1
"846",45,"Nelson's Grove - Woodland",1
"848",55,"Nelson's Grove - Woodland",1
"851",25,"Nelson's Grove - Woodland",1
"853",30,"Nelson's Grove - Woodland",1
"855",30,"Nelson's Grove - Woodland",1
"861",15,"Nelson's Grove - Woodland",1
"866",20,"Nelson's Grove - Woodland",1
"876",40,"Nelson's Grove - Woodland",1
"881",0,"Nelson's Grove - Woodland",1
"895",45,"Nelson's Grove - Woodland",1
"900",0,"Nelson's Grove - Woodland",1
"903",20,"Nelson's Grove - Woodland",1
"907",35,"Nelson's Grove - Woodland",1
"916",5,"Nelson's Grove - Woodland",1
"923",20,"Nelson's Grove - Woodland",1
"924",10,"Nelson's Grove - Woodland",1
"928",15,"Nelson's Grove - Woodland",1
"94",0,"604 E 8th St - Davis",1
"945",40,"Nelson's Grove - Woodland",1
"948",45,"Nelson's Grove - Woodland",1
"950",20,"Nelson's Grove - Woodland",1
"959",5,"Nelson's Grove - Woodland",1
"966",10,"Nelson's Grove - Woodland",1
"968",25,"Nelson's Grove - Woodland",1
"971",20,"Nelson's Grove - Woodland",1
"974",20,"Nelson's Grove - Woodland",1
"981",20,"Nelson's Grove - Woodland",1
"992",10,"Putah Creek, N. Fork - Davis",1
"995",5,"Putah Creek, N. Fork - Davis",1
"1003",25,"Putah Creek, N. Fork - Davis",2
"1004",10,"Putah Creek, N. Fork - Davis",2
"1010",45,"Putah Creek, N. Fork - Davis",2
"1025",20,"Putah Creek, N. Fork - Davis",2
"1027",10,"Putah Creek, N. Fork - Davis",2
"1033",10,"Putah Creek, N. Fork - Davis",2
"1041",45,"Putah Creek, N. Fork - Davis",2
"1068",50,"Putah Creek, N. Fork - Davis",2
"1069",20,"Putah Creek, N. Fork - Davis",2
"1071",75,"Putah Creek, N. Fork - Davis",2
"1073",35,"Putah Creek, N. Fork - Davis",2
"1075",50,"Putah Creek, N. Fork - Davis",2
"1089",30,"UCD Riparian Reserve - Davis",2
"1091",45,"UCD Riparian Reserve - Davis",2
"1095",50,"UCD Riparian Reserve - Davis",2
"1097",55,"UCD Riparian Reserve - Davis",2
"1100",20,"UCD Riparian Reserve - Davis",2
"1103",45,"UCD Riparian Reserve - Davis",2
"1130",40,"UCD Riparian Reserve - Davis",2
"1136",25,"UCD Riparian Reserve - Davis",2
"1145",65,"UCD Riparian Reserve - Davis",2
"1156",50,"UCD Riparian Reserve - Davis",2
"1163",15,"UCD Riparian Reserve - Davis",2
"1164",40,"UCD Riparian Reserve - Davis",2
"1165",40,"UCD Riparian Reserve - Davis",2
"1167",55,"UCD Riparian Reserve - Davis",2
"1168",35,"UCD Riparian Reserve - Davis",2
"1170",45,"UCD Riparian Reserve - Davis",2
"1173",50,"UCD Riparian Reserve - Davis",2
"1174",40,"UCD Riparian Reserve - Davis",2
"1185",30,"UCD Riparian Reserve - Davis",2
"1204",65,"UCD Riparian Reserve - Davis",2
"13",7,"UCD Campus - Davis",2
"167",60,"UCD Riparian Reserve - Davis",2
"185",55,"UCD Riparian Reserve - Davis",2
"240",50,"Putah Creek, N. Fork - Davis",2
"272",45,"Davis Amtrak - Davis",2
"273",50,"Davis Amtrak - Davis",2
"305",60,"End of Butcher Rd. - Vacaville",2
"322",60,"End of Butcher Rd. - Vacaville",2
"350",90,"End of Butcher Rd. - Vacaville",2
"423",0,"Alamo Creek - Vacaville",2
"44",55,"UCD Arboretum - Davis",2
"445",75,"Alamo Creek - Vacaville",2
"466",45,"Alamo Creek - Vacaville",2
"480",35,"Alamo Creek - Vacaville",2
"489",90,"Alamo Creek - Vacaville",2
"497",90,"Alamo Creek - Vacaville",2
"498",70,"Alamo Creek - Vacaville",2
"509",45,"601 A St. - Davis",2
"516",95,"601 A St. - Davis",2
"559",45,"Alamo Creek - Vacaville",2
"575",90,"Alamo Creek - Vacaville",2
"648",60,"End of Butcher Rd. - Vacaville",2
"685",30,"Alamo Creek - Vacaville",2
"699",5,"Alamo Creek - Vacaville",2
"721",5,"Alamo Creek - Vacaville",2
"740",50,"End of Butcher Rd. - Vacaville",2
"743b",85,"End of Butcher Rd. - Vacaville",2
"754",75,"End of Butcher Rd. - Vacaville",2
"787",95,"End of Butcher Rd. - Vacaville",2
"805",95,"End of Butcher Rd. - Vacaville",2
"815",75,"Nelson's Grove - Woodland",2
"820",50,"Nelson's Grove - Woodland",2
"828",10,"Nelson's Grove - Woodland",2
"838",30,"Nelson's Grove - Woodland",2
"86",50,"604 E 8th St - Davis",2
"871",40,"Nelson's Grove - Woodland",2
"878",45,"Nelson's Grove - Woodland",2
"899",5,"Nelson's Grove - Woodland",2
"902",50,"Nelson's Grove - Woodland",2
"931",5,"Nelson's Grove - Woodland",2
"944",15,"Nelson's Grove - Woodland",2
"955",15,"Nelson's Grove - Woodland",2
"964",40,"Nelson's Grove - Woodland",2
"970",40,"Nelson's Grove - Woodland",2
"976",20,"Nelson's Grove - Woodland",2
"980",25,"Nelson's Grove - Woodland",2
"984",40,"Nelson's Grove - Woodland",2
"994",40,"Putah Creek, N. Fork - Davis",2
"E",50,"Shields Oak Grove - Davis",2
"H",75,"Shields Oak Grove - Davis",2
"1",100,"UCD Campus - Davis",3
"101",100,"604 E 8th St - Davis",3
"1038",45,"Putah Creek, N. Fork - Davis",3
"1039",20,"Putah Creek, N. Fork - Davis",3
"1040",15,"Putah Creek, N. Fork - Davis",3
"1047",55,"Putah Creek, N. Fork - Davis",3
"1053",25,"Putah Creek, N. Fork - Davis",3
"1070",15,"Putah Creek, N. Fork - Davis",3
"1085",60,"UCD Riparian Reserve - Davis",3
"1093",65,"UCD Riparian Reserve - Davis",3
"1104",60,"UCD Riparian Reserve - Davis",3
"1121",40,"UCD Riparian Reserve - Davis",3
"1124",50,"UCD Riparian Reserve - Davis",3
"1128",45,"UCD Riparian Reserve - Davis",3
"1140",70,"UCD Riparian Reserve - Davis",3
"1193",95,"UCD Riparian Reserve - Davis",3
"122",40,"UCD Riparian Reserve - Davis",3
"125",70,"UCD Riparian Reserve - Davis",3
"126",70,"UCD Riparian Reserve - Davis",3
"150",60,"UCD Riparian Reserve - Davis",3
"183",50,"UCD Riparian Reserve - Davis",3
"264",90,"Putah Creek, N. Fork - Davis",3
"270",5,"Putah Creek, N. Fork - Davis",3
"271",100,"Putah Creek, N. Fork - Davis",3
"309",50,"End of Butcher Rd. - Vacaville",3
"315",50,"End of Butcher Rd. - Vacaville",3
"346",80,"End of Butcher Rd. - Vacaville",3
"347",130,"End of Butcher Rd. - Vacaville",3
"349",130,"End of Butcher Rd. - Vacaville",3
"354",65,"End of Butcher Rd. - Vacaville",3
"387",70,"Nelson's Grove - Woodland",3
"417",65,"Alamo Creek - Vacaville",3
"422",45,"Alamo Creek - Vacaville",3
"440",70,"Alamo Creek - Vacaville",3
"448",110,"Alamo Creek - Vacaville",3
"475",15,"Alamo Creek - Vacaville",3
"5",70,"UCD Campus - Davis",3
"522",100,"601 A St. - Davis",3
"567",65,"Alamo Creek - Vacaville",3
"569",75,"Alamo Creek - Vacaville",3
"671",20,"Alamo Creek - Vacaville",3
"688",50,"Alamo Creek - Vacaville",3
"734",70,"Alamo Creek - Vacaville",3
"742b",55,"End of Butcher Rd. - Vacaville",3
"756",65,"End of Butcher Rd. - Vacaville",3
"764",80,"End of Butcher Rd. - Vacaville",3
"766",80,"End of Butcher Rd. - Vacaville",3
"769",55,"End of Butcher Rd. - Vacaville",3
"774",75,"End of Butcher Rd. - Vacaville",3
"777",50,"End of Butcher Rd. - Vacaville",3
"812",60,"Nelson's Grove - Woodland",3
"821",60,"Nelson's Grove - Woodland",3
"84",80,"604 E 8th St - Davis",3
"875",60,"Nelson's Grove - Woodland",3
"885",75,"Nelson's Grove - Woodland",3
"893",20,"Nelson's Grove - Woodland",3
"917",10,"Nelson's Grove - Woodland",3
"926",60,"Nelson's Grove - Woodland",3
"940",75,"Nelson's Grove - Woodland",3
"953",45,"Nelson's Grove - Woodland",3
"962",65,"Nelson's Grove - Woodland",3
"1031",50,"Putah Creek, N. Fork - Davis",4
"1083",45,"Putah Creek, N. Fork - Davis",4
"1105",50,"UCD Riparian Reserve - Davis",4
"1113",40,"UCD Riparian Reserve - Davis",4
"1125",50,"UCD Riparian Reserve - Davis",4
"1131",60,"UCD Riparian Reserve - Davis",4
"1142",0,"UCD Riparian Reserve - Davis",4
"1150",40,"UCD Riparian Reserve - Davis",4
"1159",70,"UCD Riparian Reserve - Davis",4
"1160",75,"UCD Riparian Reserve - Davis",4
"1172",95,"UCD Riparian Reserve - Davis",4
"1180",95,"UCD Riparian Reserve - Davis",4
"1181",75,"UCD Riparian Reserve - Davis",4
"1186",65,"UCD Riparian Reserve - Davis",4
"1191",120,"UCD Riparian Reserve - Davis",4
"1194",130,"UCD Riparian Reserve - Davis",4
"1199",130,"UCD Riparian Reserve - Davis",4
"344",80,"End of Butcher Rd. - Vacaville",4
"414",60,"Nelson's Grove - Woodland",4
"430",75,"Alamo Creek - Vacaville",4
"461",60,"Alamo Creek - Vacaville",4
"481",60,"Alamo Creek - Vacaville",4
"496",80,"Alamo Creek - Vacaville",4
"502",80,"601 A St. - Davis",4
"526",120,"601 A St. - Davis",4
"53",95,"UCD Arboretum - Davis",4
"555",50,"Alamo Creek - Vacaville",4
"566",70,"Alamo Creek - Vacaville",4
"765",90,"End of Butcher Rd. - Vacaville",4
"775",60,"End of Butcher Rd. - Vacaville",4
"776",75,"End of Butcher Rd. - Vacaville",4
"783",80,"End of Butcher Rd. - Vacaville",4
"798",120,"End of Butcher Rd. - Vacaville",4
"829",55,"Nelson's Grove - Woodland",4
"867",60,"Nelson's Grove - Woodland",4
"910",95,"Nelson's Grove - Woodland",4
"911",95,"Nelson's Grove - Woodland",4
"954",60,"Nelson's Grove - Woodland",4
"999",30,"Putah Creek, N. Fork - Davis",4
"F",0,"Shields Oak Grove - Davis",4
"G",85,"Shields Oak Grove - Davis",4
"J",110,"Shields Oak Grove - Davis",4
"1001",45,"Putah Creek, N. Fork - Davis",5
"1019",30,"Putah Creek, N. Fork - Davis",5
"1111",55,"UCD Riparian Reserve - Davis",5
"1139",40,"UCD Riparian Reserve - Davis",5
"1141",60,"UCD Riparian Reserve - Davis",5
"1146",65,"UCD Riparian Reserve - Davis",5
"1175",60,"UCD Riparian Reserve - Davis",5
"1184",65,"UCD Riparian Reserve - Davis",5
"1187",80,"UCD Riparian Reserve - Davis",5
"1189",80,"UCD Riparian Reserve - Davis",5
"1192",130,"UCD Riparian Reserve - Davis",5
"1201",90,"UCD Riparian Reserve - Davis",5
"144",100,"UCD Riparian Reserve - Davis",5
"177",45,"UCD Riparian Reserve - Davis",5
"210",70,"Putah Creek, N. Fork - Davis",5
"345",120,"End of Butcher Rd. - Vacaville",5
"348",140,"End of Butcher Rd. - Vacaville",5
"351",90,"End of Butcher Rd. - Vacaville",5
"36",80,"UCD Arboretum - Davis",5
"457",15,"Alamo Creek - Vacaville",5
"491",95,"Alamo Creek - Vacaville",5
"524",110,"601 A St. - Davis",5
"525",100,"601 A St. - Davis",5
"54",70,"UCD Arboretum - Davis",5
"737",85,"End of Butcher Rd. - Vacaville",5
"784",80,"End of Butcher Rd. - Vacaville",5
"795",110,"End of Butcher Rd. - Vacaville",5
"800",160,"End of Butcher Rd. - Vacaville",5
"852",60,"Nelson's Grove - Woodland",5
"869",75,"Nelson's Grove - Woodland",5
"898",60,"Nelson's Grove - Woodland",5
"909",100,"Nelson's Grove - Woodland",5
"1009",35,"Putah Creek, N. Fork - Davis",6
"1117",55,"UCD Riparian Reserve - Davis",6
"1196",110,"UCD Riparian Reserve - Davis",6
"406",6,"Nelson's Grove - Woodland",6
"486",110,"Alamo Creek - Vacaville",6
"495",130,"Alamo Creek - Vacaville",6
"521",95,"601 A St. - Davis",6
"747a",210,"End of Butcher Rd. - Vacaville",6
"750",90,"End of Butcher Rd. - Vacaville",6
"797",115,"End of Butcher Rd. - Vacaville",6
"813",90,"Nelson's Grove - Woodland",6
"816",90,"Nelson's Grove - Woodland",6
"906",70,"Nelson's Grove - Woodland",6
"913",100,"Nelson's Grove - Woodland",6
"1008",45,"Putah Creek, N. Fork - Davis",7
"111",140,"618 C St. - Davis",7
"1132",50,"UCD Riparian Reserve - Davis",7
"1202",95,"UCD Riparian Reserve - Davis",7
"1206",100,"UCD Riparian Reserve - Davis",7
"487",190,"Alamo Creek - Vacaville",7
"656",110,"End of Butcher Rd. - Vacaville",7
"725",65,"Alamo Creek - Vacaville",7
"746",140,"End of Butcher Rd. - Vacaville",7
"759",95,"End of Butcher Rd. - Vacaville",7
"792",90,"End of Butcher Rd. - Vacaville",7
"801",125,"End of Butcher Rd. - Vacaville",7
"802",100,"End of Butcher Rd. - Vacaville",7
"803",180,"End of Butcher Rd. - Vacaville",7
"912",130,"Nelson's Grove - Woodland",7
"1155",100,"UCD Riparian Reserve - Davis",8
"1200",85,"UCD Riparian Reserve - Davis",8
"145",160,"UCD Riparian Reserve - Davis",8
"583",195,"Alamo Creek - Vacaville",8
"806",135,"End of Butcher Rd. - Vacaville",8
"1197",150,"UCD Riparian Reserve - Davis",9
"1205",95,"UCD Riparian Reserve - Davis",9
"804",160,"End of Butcher Rd. - Vacaville",9
"1120",70,"UCD Riparian Reserve - Davis",10
"141",140,"UCD Riparian Reserve - Davis",10
"17",60,"UCD Arboretum - Davis",10
"796",130,"End of Butcher Rd. - Vacaville",10
"1195",100,"UCD Riparian Reserve - Davis",11
"799",230,"End of Butcher Rd. - Vacaville",14
"380",0,"Nelson's Grove - Woodland",15
"1203",190,"UCD Riparian Reserve - Davis",23
